shipper_key,shipper_id,shipper_name,shipper_phone,shipper_gender,company,vehicle,working_shift
1,SHP00033,Võ Gia Giang,996960250,Female,J&T Express,Van,Evening
2,SHP00001,Bùi Văn Long,991476209,Male,Viettel Post,Truck,Evening
3,SHP00002,Trần Anh Khánh,959297982,Male,J&T Express,Van,Afternoon
4,SHP00007,Hoàng Anh Hùng,987597617,Female,BEST Express,Truck,Afternoon
5,SHP00011,Võ Thị Hùng,940850445,Female,J&T Express,Van,Afternoon
6,SHP00080,Lê Minh Khánh,944508698,Male,GHN,Motorbike,Afternoon
7,SHP00044,Nguyễn Thị Cường,920549207,Female,Ninja Van,Van,Morning
8,SHP00066,Lê Thị Phong,943623439,Female,Ninja Van,Van,Morning
9,SHP00074,Lê Minh Phong,969920920,Female,Shopee Express,Motorbike,Morning
10,SHP00052,Phạm Anh Hùng,933172868,Female,Ninja Van,Van,Evening
11,SHP00064,Nguyễn Gia Quân,937230018,Male,J&T Express,Van,Afternoon
12,SHP00067,Nguyễn Quốc Hà,947066875,Male,Viettel Post,Truck,Morning
13,SHP00013,Lê Anh Hà,984678290,Female,BEST Express,Truck,Morning
14,SHP00026,Nguyễn Thanh Hùng,902981241,Male,Ninja Van,Van,Afternoon
15,SHP00058,Bùi Thanh Hùng,956897812,Male,GHN,Motorbike,Evening
16,SHP00017,Bùi Thị Hùng,908818611,Female,GHN,Motorbike,Afternoon
17,SHP00029,Võ Quốc Hùng,938481552,Male,Viettel Post,Truck,Morning
18,SHP00028,Hoàng Đức Quân,983104398,Male,GHTK,Motorbike,Afternoon
19,SHP00027,Hoàng Thị Giang,902650261,Female,Ninja Van,Van,Evening
20,SHP00025,Trần Đức Cường,922791841,Male,GHTK,Motorbike,Evening
21,SHP00024,Hoàng Thị Nam,993822938,Female,Ninja Van,Van,Evening
22,SHP00023,Bùi Văn Hà,928729869,Male,Shopee Express,Motorbike,Evening
23,SHP00022,Lê Thanh Nam,988804431,Male,Ahamove,Motorbike,Morning
24,SHP00021,Lê Quốc Trang,960718218,Female,GHN,Motorbike,Morning
25,SHP00020,Hoàng Đức Giang,903070385,Female,Ninja Van,Van,Afternoon
26,SHP00019,Đặng Văn Nam,991210929,Female,GHN,Motorbike,Evening
27,SHP00018,Lê Gia Phong,902541877,Female,GHN,Motorbike,Afternoon
28,SHP00039,Phạm Đức Giang,954844436,Female,Ahamove,Motorbike,Evening
29,SHP00008,Phạm Thanh Trang,914419500,Female,BEST Express,Truck,Afternoon
30,SHP00038,Bùi Quốc Trang,961999001,Female,Ahamove,Motorbike,Evening
31,SHP00037,Phạm Quốc Dũng,936758027,Female,GHN,Motorbike,Morning
32,SHP00036,Phạm Gia An,974640157,Female,Ninja Van,Van,Morning
33,SHP00035,Trần Văn Hùng,986963662,Male,BEST Express,Truck,Morning
34,SHP00003,Hoàng Thị Khánh,927142576,Male,GHN,Motorbike,Evening
35,SHP00034,Đặng Thị Vy,983912150,Female,Ninja Van,Van,Evening
36,SHP00032,Đặng Văn Nam,961242116,Female,BEST Express,Truck,Afternoon
37,SHP00031,Lê Thanh Nam,956649092,Female,Viettel Post,Truck,Afternoon
38,SHP00016,Bùi Văn Trang,926827357,Male,Viettel Post,Truck,Afternoon
39,SHP00030,Hoàng Văn Trang,956294981,Male,Viettel Post,Truck,Morning
40,SHP00046,Nguyễn Đức Cường,919341832,Male,GHTK,Motorbike,Afternoon
41,SHP00041,Phạm Thị Hà,927179809,Male,J&T Express,Van,Morning
42,SHP00045,Nguyễn Thanh Giang,995279807,Male,Ahamove,Motorbike,Evening
43,SHP00042,Nguyễn Quốc Trang,986734203,Male,Ninja Van,Van,Evening
44,SHP00043,Bùi Thị Trang,912757576,Female,Ninja Van,Van,Morning
45,SHP00040,Phạm Gia An,938877986,Male,Ninja Van,Van,Morning
46,SHP00048,Nguyễn Thị Vy,946448535,Male,Shopee Express,Motorbike,Afternoon
47,SHP00050,Hoàng Gia Hùng,990945189,Female,GHTK,Motorbike,Morning
48,SHP00049,Đặng Đức Dũng,944279003,Male,Ahamove,Motorbike,Afternoon
49,SHP00009,Nguyễn Thanh Bình,909770946,Female,BEST Express,Truck,Evening
50,SHP00047,Phạm Quốc Sơn,926716571,Male,Shopee Express,Motorbike,Afternoon
51,SHP00015,Bùi Văn Hùng,946414069,Female,Viettel Post,Truck,Afternoon
52,SHP00056,Nguyễn Minh Long,951583055,Male,Ninja Van,Van,Morning
53,SHP00055,Hoàng Văn Trang,900482857,Female,J&T Express,Van,Morning
54,SHP00054,Nguyễn Quốc Phong,998883340,Female,BEST Express,Truck,Evening
55,SHP00053,Nguyễn Đức Bình,943102331,Female,GHTK,Motorbike,Evening
56,SHP00051,Đặng Anh Hà,980366393,Female,J&T Express,Van,Afternoon
57,SHP00061,Lê Anh Quân,956517585,Male,GHTK,Motorbike,Evening
58,SHP00060,Bùi Thanh Cường,904584927,Male,GHTK,Motorbike,Afternoon
59,SHP00059,Nguyễn Minh Quân,907366403,Male,J&T Express,Van,Evening
60,SHP00005,Trần Minh Cường,979196342,Male,BEST Express,Truck,Morning
61,SHP00057,Võ Thị Sơn,937417919,Male,GHTK,Motorbike,Evening
62,SHP00012,Nguyễn Thị Bình,972210652,Female,GHTK,Motorbike,Morning
63,SHP00063,Nguyễn Thanh Vy,922698939,Female,BEST Express,Truck,Evening
64,SHP00062,Trần Văn Sơn,954653513,Female,Viettel Post,Truck,Morning
65,SHP00014,Lê Gia Vy,971290529,Male,J&T Express,Van,Evening
66,SHP00065,Nguyễn Quốc Trang,906371317,Male,Ahamove,Motorbike,Evening
67,SHP00006,Võ Thanh Nam,951235544,Female,J&T Express,Van,Afternoon
68,SHP00068,Trần Quốc Long,924139334,Male,Ninja Van,Van,Morning
69,SHP00004,Trần Đức Vy,971617475,Female,Viettel Post,Truck,Evening
70,SHP00069,Hoàng Thị Giang,968458783,Female,GHN,Motorbike,Morning
71,SHP00010,Bùi Đức Bình,921691981,Male,Ahamove,Motorbike,Evening
72,SHP00070,Phạm Anh Cường,913921412,Female,Viettel Post,Truck,Morning
73,SHP00071,Bùi Thị Hà,975678108,Male,Ahamove,Motorbike,Afternoon
74,SHP00073,Phạm Văn Phong,982262009,Female,GHTK,Motorbike,Morning
75,SHP00072,Trần Đức Hùng,987226165,Male,Viettel Post,Truck,Morning
76,SHP00075,Phạm Anh Hùng,989436113,Female,J&T Express,Van,Afternoon
77,SHP00076,Trần Thanh Long,933140008,Male,BEST Express,Truck,Afternoon
78,SHP00078,Đặng Văn Bình,999125359,Female,Shopee Express,Motorbike,Evening
79,SHP00077,Trần Văn Giang,931398461,Female,BEST Express,Truck,Morning
80,SHP00079,Đặng Thanh An,993275153,Male,Shopee Express,Motorbike,Morning
