promo_key,promo_id,promo_name,promo_type,discount_value,promo_channel,app_category,stackable_flag
1,PROMO-0005,Urban Blowout 2013,fixed,50.0,online,0.0,False
2,PROMO-0006,Rural Special 2013,percentage,15.0,in_store,0.0,False
3,PROMO-0015,Urban Blowout 2015,fixed,50.0,online,0.0,False
4,PROMO-0016,Rural Special 2015,percentage,15.0,in_store,0.0,False
5,PROMO-0045,Urban Blowout 2021,fixed,50.0,online,0.0,False
6,PROMO-0046,Rural Special 2021,percentage,15.0,in_store,0.0,False
7,PROMO-0035,Urban Blowout 2019,fixed,50.0,online,0.0,False
8,PROMO-0036,Rural Special 2019,percentage,15.0,in_store,0.0,True
9,PROMO-0026,Rural Special 2017,percentage,15.0,in_store,0.0,False
10,PROMO-0025,Urban Blowout 2017,fixed,50.0,online,0.0,False
11,PROMO-0010,Year-End Sale 2014,percentage,20.0,all_channels,0.0,False
12,PROMO-0009,Fall Launch 2014,percentage,10.0,all_channels,0.0,False
13,PROMO-0002,Mid-Year Sale 2013,percentage,18.0,online,0.0,False
14,PROMO-0001,Spring Sale 2013,percentage,12.0,email,0.0,True
15,PROMO-0007,Spring Sale 2014,percentage,12.0,email,0.0,True
16,PROMO-0008,Mid-Year Sale 2014,percentage,18.0,social_media,0.0,False
17,PROMO-0004,Year-End Sale 2013,percentage,20.0,all_channels,0.0,False
18,PROMO-0003,Fall Launch 2013,percentage,10.0,email,0.0,False
19,PROMO-0018,Mid-Year Sale 2016,percentage,18.0,online,0.0,False
20,PROMO-0017,Spring Sale 2016,percentage,12.0,all_channels,0.0,False
21,PROMO-0013,Fall Launch 2015,percentage,10.0,email,0.0,True
22,PROMO-0014,Year-End Sale 2015,percentage,20.0,all_channels,0.0,True
23,PROMO-0012,Mid-Year Sale 2015,percentage,18.0,social_media,0.0,False
24,PROMO-0011,Spring Sale 2015,percentage,12.0,all_channels,0.0,True
25,PROMO-0019,Fall Launch 2016,percentage,10.0,online,0.0,False
26,PROMO-0020,Year-End Sale 2016,percentage,20.0,all_channels,0.0,False
27,PROMO-0027,Spring Sale 2018,percentage,12.0,all_channels,0.0,False
28,PROMO-0028,Mid-Year Sale 2018,percentage,18.0,social_media,0.0,False
29,PROMO-0029,Fall Launch 2018,percentage,10.0,email,0.0,False
30,PROMO-0030,Year-End Sale 2018,percentage,20.0,all_channels,0.0,False
31,PROMO-0022,Mid-Year Sale 2017,percentage,18.0,online,0.0,False
32,PROMO-0021,Spring Sale 2017,percentage,12.0,all_channels,0.0,False
33,PROMO-0024,Year-End Sale 2017,percentage,20.0,all_channels,0.0,False
34,PROMO-0023,Fall Launch 2017,percentage,10.0,all_channels,0.0,True
35,PROMO-0034,Year-End Sale 2019,percentage,20.0,all_channels,0.0,False
36,PROMO-0033,Fall Launch 2019,percentage,10.0,email,0.0,False
37,PROMO-0032,Mid-Year Sale 2019,percentage,18.0,social_media,0.0,False
38,PROMO-0031,Spring Sale 2019,percentage,12.0,online,0.0,True
39,PROMO-0039,Fall Launch 2020,percentage,10.0,all_channels,0.0,False
40,PROMO-0040,Year-End Sale 2020,percentage,20.0,all_channels,0.0,False
41,PROMO-0037,Spring Sale 2020,percentage,12.0,online,0.0,False
42,PROMO-0038,Mid-Year Sale 2020,percentage,18.0,social_media,0.0,False
43,PROMO-0042,Mid-Year Sale 2021,percentage,18.0,social_media,0.0,True
44,PROMO-0041,Spring Sale 2021,percentage,12.0,online,0.0,True
45,PROMO-0044,Year-End Sale 2021,percentage,20.0,all_channels,0.0,True
46,PROMO-0043,Fall Launch 2021,percentage,10.0,email,0.0,False
47,PROMO-0047,Spring Sale 2022,percentage,12.0,all_channels,0.0,True
48,PROMO-0048,Mid-Year Sale 2022,percentage,18.0,online,0.0,False
49,PROMO-0049,Fall Launch 2022,percentage,10.0,all_channels,0.0,False
50,PROMO-0050,Year-End Sale 2022,percentage,20.0,all_channels,0.0,False
